<application>
  <component name="ProjectJdkTable">
    <jdk version="2">
      <name value="jbr-17" />
      <type value="JavaSDK" />
      <version value="JetBrains Runtime version 17.0.6" />
      <homePath value="C:\Program Files\JetBrains\IntelliJ IDEA Community Edition 2022.3.3/jbr" />
      <roots>
        <annotationsPath>
          <root type="composite">
            <root url="jar://$APPLICATION_HOME_DIR$/plugins/java/lib/resources/jdkAnnotations.jar!/" type="simple" />
          </root>
        </annotationsPath>
        <classPath>
          <root type="composite">
            <root url="jrt://C:/Program Files/JetBrains/IntelliJ IDEA Community Edition 2022.3.3/jbr!/gluegen.rt" type="simple" />
            <root url="jrt://C:/Program Files/JetBrains/IntelliJ IDEA Community Edition 2022.3.3/jbr!/java.base" type="simple" />
            <root url="jrt://C:/Program Files/JetBrains/IntelliJ IDEA Community Edition 2022.3.3/jbr!/java.compiler" type="simple" />
            <root url="jrt://C:/Program Files/JetBrains/IntelliJ IDEA Community Edition 2022.3.3/jbr!/java.datatransfer" type="simple" />
            <root url="jrt://C:/Program Files/JetBrains/IntelliJ IDEA Community Edition 2022.3.3/jbr!/java.desktop" type="simple" />
            <root url="jrt://C:/Program Files/JetBrains/IntelliJ IDEA Community Edition 2022.3.3/jbr!/java.instrument" type="simple" />
            <root url="jrt://C:/Program Files/JetBrains/IntelliJ IDEA Community Edition 2022.3.3/jbr!/java.logging" type="simple" />
            <root url="jrt://C:/Program Files/JetBrains/IntelliJ IDEA Community Edition 2022.3.3/jbr!/java.management" type="simple" />
            <root url="jrt://C:/Program Files/JetBrains/IntelliJ IDEA Community Edition 2022.3.3/jbr!/java.management.rmi" type="simple" />
            <root url="jrt://C:/Program Files/JetBrains/IntelliJ IDEA Community Edition 2022.3.3/jbr!/java.naming" type="simple" />
            <root url="jrt://C:/Program Files/JetBrains/IntelliJ IDEA Community Edition 2022.3.3/jbr!/java.net.http" type="simple" />
            <root url="jrt://C:/Program Files/JetBrains/IntelliJ IDEA Community Edition 2022.3.3/jbr!/java.prefs" type="simple" />
            <root url="jrt://C:/Program Files/JetBrains/IntelliJ IDEA Community Edition 2022.3.3/jbr!/java.rmi" type="simple" />
            <root url="jrt://C:/Program Files/JetBrains/IntelliJ IDEA Community Edition 2022.3.3/jbr!/java.scripting" type="simple" />
            <root url="jrt://C:/Program Files/JetBrains/IntelliJ IDEA Community Edition 2022.3.3/jbr!/java.se" type="simple" />
            <root url="jrt://C:/Program Files/JetBrains/IntelliJ IDEA Community Edition 2022.3.3/jbr!/java.security.jgss" type="simple" />
            <root url="jrt://C:/Program Files/JetBrains/IntelliJ IDEA Community Edition 2022.3.3/jbr!/java.security.sasl" type="simple" />
            <root url="jrt://C:/Program Files/JetBrains/IntelliJ IDEA Community Edition 2022.3.3/jbr!/java.smartcardio" type="simple" />
            <root url="jrt://C:/Program Files/JetBrains/IntelliJ IDEA Community Edition 2022.3.3/jbr!/java.sql" type="simple" />
            <root url="jrt://C:/Program Files/JetBrains/IntelliJ IDEA Community Edition 2022.3.3/jbr!/java.sql.rowset" type="simple" />
            <root url="jrt://C:/Program Files/JetBrains/IntelliJ IDEA Community Edition 2022.3.3/jbr!/java.transaction.xa" type="simple" />
            <root url="jrt://C:/Program Files/JetBrains/IntelliJ IDEA Community Edition 2022.3.3/jbr!/java.xml" type="simple" />
            <root url="jrt://C:/Program Files/JetBrains/IntelliJ IDEA Community Edition 2022.3.3/jbr!/java.xml.crypto" type="simple" />
            <root url="jrt://C:/Program Files/JetBrains/IntelliJ IDEA Community Edition 2022.3.3/jbr!/jcef" type="simple" />
            <root url="jrt://C:/Program Files/JetBrains/IntelliJ IDEA Community Edition 2022.3.3/jbr!/jdk.accessibility" type="simple" />
            <root url="jrt://C:/Program Files/JetBrains/IntelliJ IDEA Community Edition 2022.3.3/jbr!/jdk.attach" type="simple" />
            <root url="jrt://C:/Program Files/JetBrains/IntelliJ IDEA Community Edition 2022.3.3/jbr!/jdk.charsets" type="simple" />
            <root url="jrt://C:/Program Files/JetBrains/IntelliJ IDEA Community Edition 2022.3.3/jbr!/jdk.compiler" type="simple" />
            <root url="jrt://C:/Program Files/JetBrains/IntelliJ IDEA Community Edition 2022.3.3/jbr!/jdk.crypto.cryptoki" type="simple" />
            <root url="jrt://C:/Program Files/JetBrains/IntelliJ IDEA Community Edition 2022.3.3/jbr!/jdk.crypto.ec" type="simple" />
            <root url="jrt://C:/Program Files/JetBrains/IntelliJ IDEA Community Edition 2022.3.3/jbr!/jdk.crypto.mscapi" type="simple" />
            <root url="jrt://C:/Program Files/JetBrains/IntelliJ IDEA Community Edition 2022.3.3/jbr!/jdk.dynalink" type="simple" />
            <root url="jrt://C:/Program Files/JetBrains/IntelliJ IDEA Community Edition 2022.3.3/jbr!/jdk.hotspot.agent" type="simple" />
            <root url="jrt://C:/Program Files/JetBrains/IntelliJ IDEA Community Edition 2022.3.3/jbr!/jdk.httpserver" type="simple" />
            <root url="jrt://C:/Program Files/JetBrains/IntelliJ IDEA Community Edition 2022.3.3/jbr!/jdk.internal.ed" type="simple" />
            <root url="jrt://C:/Program Files/JetBrains/IntelliJ IDEA Community Edition 2022.3.3/jbr!/jdk.internal.jvmstat" type="simple" />
            <root url="jrt://C:/Program Files/JetBrains/IntelliJ IDEA Community Edition 2022.3.3/jbr!/jdk.internal.le" type="simple" />
            <root url="jrt://C:/Program Files/JetBrains/IntelliJ IDEA Community Edition 2022.3.3/jbr!/jdk.internal.vm.ci" type="simple" />
            <root url="jrt://C:/Program Files/JetBrains/IntelliJ IDEA Community Edition 2022.3.3/jbr!/jdk.javadoc" type="simple" />
            <root url="jrt://C:/Program Files/JetBrains/IntelliJ IDEA Community Edition 2022.3.3/jbr!/jdk.jcmd" type="simple" />
            <root url="jrt://C:/Program Files/JetBrains/IntelliJ IDEA Community Edition 2022.3.3/jbr!/jdk.jdi" type="simple" />
            <root url="jrt://C:/Program Files/JetBrains/IntelliJ IDEA Community Edition 2022.3.3/jbr!/jdk.jdwp.agent" type="simple" />
            <root url="jrt://C:/Program Files/JetBrains/IntelliJ IDEA Community Edition 2022.3.3/jbr!/jdk.jfr" type="simple" />
            <root url="jrt://C:/Program Files/JetBrains/IntelliJ IDEA Community Edition 2022.3.3/jbr!/jdk.jsobject" type="simple" />
            <root url="jrt://C:/Program Files/JetBrains/IntelliJ IDEA Community Edition 2022.3.3/jbr!/jdk.localedata" type="simple" />
            <root url="jrt://C:/Program Files/JetBrains/IntelliJ IDEA Community Edition 2022.3.3/jbr!/jdk.management" type="simple" />
            <root url="jrt://C:/Program Files/JetBrains/IntelliJ IDEA Community Edition 2022.3.3/jbr!/jdk.management.agent" type="simple" />
            <root url="jrt://C:/Program Files/JetBrains/IntelliJ IDEA Community Edition 2022.3.3/jbr!/jdk.management.jfr" type="simple" />
            <root url="jrt://C:/Program Files/JetBrains/IntelliJ IDEA Community Edition 2022.3.3/jbr!/jdk.naming.dns" type="simple" />
            <root url="jrt://C:/Program Files/JetBrains/IntelliJ IDEA Community Edition 2022.3.3/jbr!/jdk.naming.rmi" type="simple" />
            <root url="jrt://C:/Program Files/JetBrains/IntelliJ IDEA Community Edition 2022.3.3/jbr!/jdk.net" type="simple" />
            <root url="jrt://C:/Program Files/JetBrains/IntelliJ IDEA Community Edition 2022.3.3/jbr!/jdk.sctp" type="simple" />
            <root url="jrt://C:/Program Files/JetBrains/IntelliJ IDEA Community Edition 2022.3.3/jbr!/jdk.security.auth" type="simple" />
            <root url="jrt://C:/Program Files/JetBrains/IntelliJ IDEA Community Edition 2022.3.3/jbr!/jdk.security.jgss" type="simple" />
            <root url="jrt://C:/Program Files/JetBrains/IntelliJ IDEA Community Edition 2022.3.3/jbr!/jdk.unsupported" type="simple" />
            <root url="jrt://C:/Program Files/JetBrains/IntelliJ IDEA Community Edition 2022.3.3/jbr!/jdk.unsupported.desktop" type="simple" />
            <root url="jrt://C:/Program Files/JetBrains/IntelliJ IDEA Community Edition 2022.3.3/jbr!/jdk.xml.dom" type="simple" />
            <root url="jrt://C:/Program Files/JetBrains/IntelliJ IDEA Community Edition 2022.3.3/jbr!/jdk.zipfs" type="simple" />
            <root url="jrt://C:/Program Files/JetBrains/IntelliJ IDEA Community Edition 2022.3.3/jbr!/jogl.all" type="simple" />
          </root>
        </classPath>
        <javadocPath>
          <root type="composite">
            <root url="https://docs.oracle.com/en/java/javase/17/docs/api/" type="simple" />
          </root>
        </javadocPath>
        <sourcePath>
          <root type="composite" />
        </sourcePath>
      </roots>
      <additional />
    </jdk>
    <jdk version="2">
      <name value="temurin-17" />
      <type value="JavaSDK" />
      <version value="Eclipse Temurin version 17.0.6" />
      <homePath value="D:/Users/Drew/.jdks" />
      <roots>
        <annotationsPath>
          <root type="composite">
            <root url="jar://$APPLICATION_HOME_DIR$/plugins/java/lib/resources/jdkAnnotations.jar!/" type="simple" />
          </root>
        </annotationsPath>
        <classPath>
          <root type="composite">
            <root url="jrt://D:/Users/Drew/.jdks!/java.base" type="simple" />
            <root url="jrt://D:/Users/Drew/.jdks!/java.compiler" type="simple" />
            <root url="jrt://D:/Users/Drew/.jdks!/java.datatransfer" type="simple" />
            <root url="jrt://D:/Users/Drew/.jdks!/java.desktop" type="simple" />
            <root url="jrt://D:/Users/Drew/.jdks!/java.instrument" type="simple" />
            <root url="jrt://D:/Users/Drew/.jdks!/java.logging" type="simple" />
            <root url="jrt://D:/Users/Drew/.jdks!/java.management" type="simple" />
            <root url="jrt://D:/Users/Drew/.jdks!/java.management.rmi" type="simple" />
            <root url="jrt://D:/Users/Drew/.jdks!/java.naming" type="simple" />
            <root url="jrt://D:/Users/Drew/.jdks!/java.net.http" type="simple" />
            <root url="jrt://D:/Users/Drew/.jdks!/java.prefs" type="simple" />
            <root url="jrt://D:/Users/Drew/.jdks!/java.rmi" type="simple" />
            <root url="jrt://D:/Users/Drew/.jdks!/java.scripting" type="simple" />
            <root url="jrt://D:/Users/Drew/.jdks!/java.se" type="simple" />
            <root url="jrt://D:/Users/Drew/.jdks!/java.security.jgss" type="simple" />
            <root url="jrt://D:/Users/Drew/.jdks!/java.security.sasl" type="simple" />
            <root url="jrt://D:/Users/Drew/.jdks!/java.smartcardio" type="simple" />
            <root url="jrt://D:/Users/Drew/.jdks!/java.sql" type="simple" />
            <root url="jrt://D:/Users/Drew/.jdks!/java.sql.rowset" type="simple" />
            <root url="jrt://D:/Users/Drew/.jdks!/java.transaction.xa" type="simple" />
            <root url="jrt://D:/Users/Drew/.jdks!/java.xml" type="simple" />
            <root url="jrt://D:/Users/Drew/.jdks!/java.xml.crypto" type="simple" />
            <root url="jrt://D:/Users/Drew/.jdks!/jdk.accessibility" type="simple" />
            <root url="jrt://D:/Users/Drew/.jdks!/jdk.attach" type="simple" />
            <root url="jrt://D:/Users/Drew/.jdks!/jdk.charsets" type="simple" />
            <root url="jrt://D:/Users/Drew/.jdks!/jdk.compiler" type="simple" />
            <root url="jrt://D:/Users/Drew/.jdks!/jdk.crypto.cryptoki" type="simple" />
            <root url="jrt://D:/Users/Drew/.jdks!/jdk.crypto.ec" type="simple" />
            <root url="jrt://D:/Users/Drew/.jdks!/jdk.crypto.mscapi" type="simple" />
            <root url="jrt://D:/Users/Drew/.jdks!/jdk.dynalink" type="simple" />
            <root url="jrt://D:/Users/Drew/.jdks!/jdk.editpad" type="simple" />
            <root url="jrt://D:/Users/Drew/.jdks!/jdk.hotspot.agent" type="simple" />
            <root url="jrt://D:/Users/Drew/.jdks!/jdk.httpserver" type="simple" />
            <root url="jrt://D:/Users/Drew/.jdks!/jdk.incubator.foreign" type="simple" />
            <root url="jrt://D:/Users/Drew/.jdks!/jdk.incubator.vector" type="simple" />
            <root url="jrt://D:/Users/Drew/.jdks!/jdk.internal.ed" type="simple" />
            <root url="jrt://D:/Users/Drew/.jdks!/jdk.internal.jvmstat" type="simple" />
            <root url="jrt://D:/Users/Drew/.jdks!/jdk.internal.le" type="simple" />
            <root url="jrt://D:/Users/Drew/.jdks!/jdk.internal.opt" type="simple" />
            <root url="jrt://D:/Users/Drew/.jdks!/jdk.internal.vm.ci" type="simple" />
            <root url="jrt://D:/Users/Drew/.jdks!/jdk.internal.vm.compiler" type="simple" />
            <root url="jrt://D:/Users/Drew/.jdks!/jdk.internal.vm.compiler.management" type="simple" />
            <root url="jrt://D:/Users/Drew/.jdks!/jdk.jartool" type="simple" />
            <root url="jrt://D:/Users/Drew/.jdks!/jdk.javadoc" type="simple" />
            <root url="jrt://D:/Users/Drew/.jdks!/jdk.jcmd" type="simple" />
            <root url="jrt://D:/Users/Drew/.jdks!/jdk.jconsole" type="simple" />
            <root url="jrt://D:/Users/Drew/.jdks!/jdk.jdeps" type="simple" />
            <root url="jrt://D:/Users/Drew/.jdks!/jdk.jdi" type="simple" />
            <root url="jrt://D:/Users/Drew/.jdks!/jdk.jdwp.agent" type="simple" />
            <root url="jrt://D:/Users/Drew/.jdks!/jdk.jfr" type="simple" />
            <root url="jrt://D:/Users/Drew/.jdks!/jdk.jlink" type="simple" />
            <root url="jrt://D:/Users/Drew/.jdks!/jdk.jpackage" type="simple" />
            <root url="jrt://D:/Users/Drew/.jdks!/jdk.jshell" type="simple" />
            <root url="jrt://D:/Users/Drew/.jdks!/jdk.jsobject" type="simple" />
            <root url="jrt://D:/Users/Drew/.jdks!/jdk.jstatd" type="simple" />
            <root url="jrt://D:/Users/Drew/.jdks!/jdk.localedata" type="simple" />
            <root url="jrt://D:/Users/Drew/.jdks!/jdk.management" type="simple" />
            <root url="jrt://D:/Users/Drew/.jdks!/jdk.management.agent" type="simple" />
            <root url="jrt://D:/Users/Drew/.jdks!/jdk.management.jfr" type="simple" />
            <root url="jrt://D:/Users/Drew/.jdks!/jdk.naming.dns" type="simple" />
            <root url="jrt://D:/Users/Drew/.jdks!/jdk.naming.rmi" type="simple" />
            <root url="jrt://D:/Users/Drew/.jdks!/jdk.net" type="simple" />
            <root url="jrt://D:/Users/Drew/.jdks!/jdk.nio.mapmode" type="simple" />
            <root url="jrt://D:/Users/Drew/.jdks!/jdk.random" type="simple" />
            <root url="jrt://D:/Users/Drew/.jdks!/jdk.sctp" type="simple" />
            <root url="jrt://D:/Users/Drew/.jdks!/jdk.security.auth" type="simple" />
            <root url="jrt://D:/Users/Drew/.jdks!/jdk.security.jgss" type="simple" />
            <root url="jrt://D:/Users/Drew/.jdks!/jdk.unsupported" type="simple" />
            <root url="jrt://D:/Users/Drew/.jdks!/jdk.unsupported.desktop" type="simple" />
            <root url="jrt://D:/Users/Drew/.jdks!/jdk.xml.dom" type="simple" />
            <root url="jrt://D:/Users/Drew/.jdks!/jdk.zipfs" type="simple" />
          </root>
        </classPath>
        <javadocPath>
          <root type="composite" />
        </javadocPath>
        <sourcePath>
          <root type="composite">
            <root url="jar://D:/Users/Drew/.jdks/lib/src.zip!/java.se" type="simple" />
            <root url="jar://D:/Users/Drew/.jdks/lib/src.zip!/jdk.jdi" type="simple" />
            <root url="jar://D:/Users/Drew/.jdks/lib/src.zip!/jdk.jfr" type="simple" />
            <root url="jar://D:/Users/Drew/.jdks/lib/src.zip!/jdk.net" type="simple" />
            <root url="jar://D:/Users/Drew/.jdks/lib/src.zip!/java.rmi" type="simple" />
            <root url="jar://D:/Users/Drew/.jdks/lib/src.zip!/java.sql" type="simple" />
            <root url="jar://D:/Users/Drew/.jdks/lib/src.zip!/java.xml" type="simple" />
            <root url="jar://D:/Users/Drew/.jdks/lib/src.zip!/jdk.jcmd" type="simple" />
            <root url="jar://D:/Users/Drew/.jdks/lib/src.zip!/jdk.sctp" type="simple" />
            <root url="jar://D:/Users/Drew/.jdks/lib/src.zip!/java.base" type="simple" />
            <root url="jar://D:/Users/Drew/.jdks/lib/src.zip!/jdk.jdeps" type="simple" />
            <root url="jar://D:/Users/Drew/.jdks/lib/src.zip!/jdk.jlink" type="simple" />
            <root url="jar://D:/Users/Drew/.jdks/lib/src.zip!/jdk.zipfs" type="simple" />
            <root url="jar://D:/Users/Drew/.jdks/lib/src.zip!/java.prefs" type="simple" />
            <root url="jar://D:/Users/Drew/.jdks/lib/src.zip!/jdk.attach" type="simple" />
            <root url="jar://D:/Users/Drew/.jdks/lib/src.zip!/jdk.jshell" type="simple" />
            <root url="jar://D:/Users/Drew/.jdks/lib/src.zip!/jdk.jstatd" type="simple" />
            <root url="jar://D:/Users/Drew/.jdks/lib/src.zip!/jdk.random" type="simple" />
            <root url="jar://D:/Users/Drew/.jdks/lib/src.zip!/java.naming" type="simple" />
            <root url="jar://D:/Users/Drew/.jdks/lib/src.zip!/jdk.editpad" type="simple" />
            <root url="jar://D:/Users/Drew/.jdks/lib/src.zip!/jdk.jartool" type="simple" />
            <root url="jar://D:/Users/Drew/.jdks/lib/src.zip!/jdk.javadoc" type="simple" />
            <root url="jar://D:/Users/Drew/.jdks/lib/src.zip!/jdk.xml.dom" type="simple" />
            <root url="jar://D:/Users/Drew/.jdks/lib/src.zip!/java.desktop" type="simple" />
            <root url="jar://D:/Users/Drew/.jdks/lib/src.zip!/java.logging" type="simple" />
            <root url="jar://D:/Users/Drew/.jdks/lib/src.zip!/jdk.charsets" type="simple" />
            <root url="jar://D:/Users/Drew/.jdks/lib/src.zip!/jdk.compiler" type="simple" />
            <root url="jar://D:/Users/Drew/.jdks/lib/src.zip!/jdk.dynalink" type="simple" />
            <root url="jar://D:/Users/Drew/.jdks/lib/src.zip!/jdk.jconsole" type="simple" />
            <root url="jar://D:/Users/Drew/.jdks/lib/src.zip!/jdk.jpackage" type="simple" />
            <root url="jar://D:/Users/Drew/.jdks/lib/src.zip!/jdk.jsobject" type="simple" />
            <root url="jar://D:/Users/Drew/.jdks/lib/src.zip!/java.compiler" type="simple" />
            <root url="jar://D:/Users/Drew/.jdks/lib/src.zip!/java.net.http" type="simple" />
            <root url="jar://D:/Users/Drew/.jdks/lib/src.zip!/jdk.crypto.ec" type="simple" />
            <root url="jar://D:/Users/Drew/.jdks/lib/src.zip!/java.scripting" type="simple" />
            <root url="jar://D:/Users/Drew/.jdks/lib/src.zip!/jdk.httpserver" type="simple" />
            <root url="jar://D:/Users/Drew/.jdks/lib/src.zip!/jdk.jdwp.agent" type="simple" />
            <root url="jar://D:/Users/Drew/.jdks/lib/src.zip!/jdk.localedata" type="simple" />
            <root url="jar://D:/Users/Drew/.jdks/lib/src.zip!/jdk.management" type="simple" />
            <root url="jar://D:/Users/Drew/.jdks/lib/src.zip!/jdk.naming.dns" type="simple" />
            <root url="jar://D:/Users/Drew/.jdks/lib/src.zip!/jdk.naming.rmi" type="simple" />
            <root url="jar://D:/Users/Drew/.jdks/lib/src.zip!/java.instrument" type="simple" />
            <root url="jar://D:/Users/Drew/.jdks/lib/src.zip!/java.management" type="simple" />
            <root url="jar://D:/Users/Drew/.jdks/lib/src.zip!/java.sql.rowset" type="simple" />
            <root url="jar://D:/Users/Drew/.jdks/lib/src.zip!/java.xml.crypto" type="simple" />
            <root url="jar://D:/Users/Drew/.jdks/lib/src.zip!/jdk.internal.ed" type="simple" />
            <root url="jar://D:/Users/Drew/.jdks/lib/src.zip!/jdk.internal.le" type="simple" />
            <root url="jar://D:/Users/Drew/.jdks/lib/src.zip!/jdk.nio.mapmode" type="simple" />
            <root url="jar://D:/Users/Drew/.jdks/lib/src.zip!/jdk.unsupported" type="simple" />
            <root url="jar://D:/Users/Drew/.jdks/lib/src.zip!/java.smartcardio" type="simple" />
            <root url="jar://D:/Users/Drew/.jdks/lib/src.zip!/jdk.internal.opt" type="simple" />
            <root url="jar://D:/Users/Drew/.jdks/lib/src.zip!/java.datatransfer" type="simple" />
            <root url="jar://D:/Users/Drew/.jdks/lib/src.zip!/jdk.accessibility" type="simple" />
            <root url="jar://D:/Users/Drew/.jdks/lib/src.zip!/jdk.crypto.mscapi" type="simple" />
            <root url="jar://D:/Users/Drew/.jdks/lib/src.zip!/jdk.hotspot.agent" type="simple" />
            <root url="jar://D:/Users/Drew/.jdks/lib/src.zip!/jdk.security.auth" type="simple" />
            <root url="jar://D:/Users/Drew/.jdks/lib/src.zip!/jdk.security.jgss" type="simple" />
            <root url="jar://D:/Users/Drew/.jdks/lib/src.zip!/java.security.jgss" type="simple" />
            <root url="jar://D:/Users/Drew/.jdks/lib/src.zip!/java.security.sasl" type="simple" />
            <root url="jar://D:/Users/Drew/.jdks/lib/src.zip!/jdk.internal.vm.ci" type="simple" />
            <root url="jar://D:/Users/Drew/.jdks/lib/src.zip!/jdk.management.jfr" type="simple" />
            <root url="jar://D:/Users/Drew/.jdks/lib/src.zip!/java.management.rmi" type="simple" />
            <root url="jar://D:/Users/Drew/.jdks/lib/src.zip!/java.transaction.xa" type="simple" />
            <root url="jar://D:/Users/Drew/.jdks/lib/src.zip!/jdk.crypto.cryptoki" type="simple" />
            <root url="jar://D:/Users/Drew/.jdks/lib/src.zip!/jdk.incubator.vector" type="simple" />
            <root url="jar://D:/Users/Drew/.jdks/lib/src.zip!/jdk.internal.jvmstat" type="simple" />
            <root url="jar://D:/Users/Drew/.jdks/lib/src.zip!/jdk.management.agent" type="simple" />
            <root url="jar://D:/Users/Drew/.jdks/lib/src.zip!/jdk.incubator.foreign" type="simple" />
            <root url="jar://D:/Users/Drew/.jdks/lib/src.zip!/jdk.unsupported.desktop" type="simple" />
            <root url="jar://D:/Users/Drew/.jdks/lib/src.zip!/jdk.internal.vm.compiler" type="simple" />
            <root url="jar://D:/Users/Drew/.jdks/lib/src.zip!/jdk.internal.vm.compiler.management" type="simple" />
          </root>
        </sourcePath>
      </roots>
      <additional />
    </jdk>
    <jdk version="2">
      <name value="corretto-11" />
      <type value="JavaSDK" />
      <version value="Amazon Corretto version 11.0.18" />
      <homePath value="$USER_HOME$/.jdks/corretto-11.0.18" />
      <roots>
        <annotationsPath>
          <root type="composite">
            <root url="jar://$APPLICATION_HOME_DIR$/plugins/java/lib/resources/jdkAnnotations.jar!/" type="simple" />
          </root>
        </annotationsPath>
        <classPath>
          <root type="composite">
            <root url="jrt://C:/Users/drew/.jdks/corretto-11.0.18!/java.base" type="simple" />
            <root url="jrt://C:/Users/drew/.jdks/corretto-11.0.18!/java.compiler" type="simple" />
            <root url="jrt://C:/Users/drew/.jdks/corretto-11.0.18!/java.datatransfer" type="simple" />
            <root url="jrt://C:/Users/drew/.jdks/corretto-11.0.18!/java.desktop" type="simple" />
            <root url="jrt://C:/Users/drew/.jdks/corretto-11.0.18!/java.instrument" type="simple" />
            <root url="jrt://C:/Users/drew/.jdks/corretto-11.0.18!/java.logging" type="simple" />
            <root url="jrt://C:/Users/drew/.jdks/corretto-11.0.18!/java.management" type="simple" />
            <root url="jrt://C:/Users/drew/.jdks/corretto-11.0.18!/java.management.rmi" type="simple" />
            <root url="jrt://C:/Users/drew/.jdks/corretto-11.0.18!/java.naming" type="simple" />
            <root url="jrt://C:/Users/drew/.jdks/corretto-11.0.18!/java.net.http" type="simple" />
            <root url="jrt://C:/Users/drew/.jdks/corretto-11.0.18!/java.prefs" type="simple" />
            <root url="jrt://C:/Users/drew/.jdks/corretto-11.0.18!/java.rmi" type="simple" />
            <root url="jrt://C:/Users/drew/.jdks/corretto-11.0.18!/java.scripting" type="simple" />
            <root url="jrt://C:/Users/drew/.jdks/corretto-11.0.18!/java.se" type="simple" />
            <root url="jrt://C:/Users/drew/.jdks/corretto-11.0.18!/java.security.jgss" type="simple" />
            <root url="jrt://C:/Users/drew/.jdks/corretto-11.0.18!/java.security.sasl" type="simple" />
            <root url="jrt://C:/Users/drew/.jdks/corretto-11.0.18!/java.smartcardio" type="simple" />
            <root url="jrt://C:/Users/drew/.jdks/corretto-11.0.18!/java.sql" type="simple" />
            <root url="jrt://C:/Users/drew/.jdks/corretto-11.0.18!/java.sql.rowset" type="simple" />
            <root url="jrt://C:/Users/drew/.jdks/corretto-11.0.18!/java.transaction.xa" type="simple" />
            <root url="jrt://C:/Users/drew/.jdks/corretto-11.0.18!/java.xml" type="simple" />
            <root url="jrt://C:/Users/drew/.jdks/corretto-11.0.18!/java.xml.crypto" type="simple" />
            <root url="jrt://C:/Users/drew/.jdks/corretto-11.0.18!/jdk.accessibility" type="simple" />
            <root url="jrt://C:/Users/drew/.jdks/corretto-11.0.18!/jdk.aot" type="simple" />
            <root url="jrt://C:/Users/drew/.jdks/corretto-11.0.18!/jdk.attach" type="simple" />
            <root url="jrt://C:/Users/drew/.jdks/corretto-11.0.18!/jdk.charsets" type="simple" />
            <root url="jrt://C:/Users/drew/.jdks/corretto-11.0.18!/jdk.compiler" type="simple" />
            <root url="jrt://C:/Users/drew/.jdks/corretto-11.0.18!/jdk.crypto.cryptoki" type="simple" />
            <root url="jrt://C:/Users/drew/.jdks/corretto-11.0.18!/jdk.crypto.ec" type="simple" />
            <root url="jrt://C:/Users/drew/.jdks/corretto-11.0.18!/jdk.crypto.mscapi" type="simple" />
            <root url="jrt://C:/Users/drew/.jdks/corretto-11.0.18!/jdk.dynalink" type="simple" />
            <root url="jrt://C:/Users/drew/.jdks/corretto-11.0.18!/jdk.editpad" type="simple" />
            <root url="jrt://C:/Users/drew/.jdks/corretto-11.0.18!/jdk.hotspot.agent" type="simple" />
            <root url="jrt://C:/Users/drew/.jdks/corretto-11.0.18!/jdk.httpserver" type="simple" />
            <root url="jrt://C:/Users/drew/.jdks/corretto-11.0.18!/jdk.internal.ed" type="simple" />
            <root url="jrt://C:/Users/drew/.jdks/corretto-11.0.18!/jdk.internal.jvmstat" type="simple" />
            <root url="jrt://C:/Users/drew/.jdks/corretto-11.0.18!/jdk.internal.le" type="simple" />
            <root url="jrt://C:/Users/drew/.jdks/corretto-11.0.18!/jdk.internal.opt" type="simple" />
            <root url="jrt://C:/Users/drew/.jdks/corretto-11.0.18!/jdk.internal.vm.ci" type="simple" />
            <root url="jrt://C:/Users/drew/.jdks/corretto-11.0.18!/jdk.internal.vm.compiler" type="simple" />
            <root url="jrt://C:/Users/drew/.jdks/corretto-11.0.18!/jdk.internal.vm.compiler.management" type="simple" />
            <root url="jrt://C:/Users/drew/.jdks/corretto-11.0.18!/jdk.jartool" type="simple" />
            <root url="jrt://C:/Users/drew/.jdks/corretto-11.0.18!/jdk.javadoc" type="simple" />
            <root url="jrt://C:/Users/drew/.jdks/corretto-11.0.18!/jdk.jcmd" type="simple" />
            <root url="jrt://C:/Users/drew/.jdks/corretto-11.0.18!/jdk.jconsole" type="simple" />
            <root url="jrt://C:/Users/drew/.jdks/corretto-11.0.18!/jdk.jdeps" type="simple" />
            <root url="jrt://C:/Users/drew/.jdks/corretto-11.0.18!/jdk.jdi" type="simple" />
            <root url="jrt://C:/Users/drew/.jdks/corretto-11.0.18!/jdk.jdwp.agent" type="simple" />
            <root url="jrt://C:/Users/drew/.jdks/corretto-11.0.18!/jdk.jfr" type="simple" />
            <root url="jrt://C:/Users/drew/.jdks/corretto-11.0.18!/jdk.jlink" type="simple" />
            <root url="jrt://C:/Users/drew/.jdks/corretto-11.0.18!/jdk.jshell" type="simple" />
            <root url="jrt://C:/Users/drew/.jdks/corretto-11.0.18!/jdk.jsobject" type="simple" />
            <root url="jrt://C:/Users/drew/.jdks/corretto-11.0.18!/jdk.jstatd" type="simple" />
            <root url="jrt://C:/Users/drew/.jdks/corretto-11.0.18!/jdk.localedata" type="simple" />
            <root url="jrt://C:/Users/drew/.jdks/corretto-11.0.18!/jdk.management" type="simple" />
            <root url="jrt://C:/Users/drew/.jdks/corretto-11.0.18!/jdk.management.agent" type="simple" />
            <root url="jrt://C:/Users/drew/.jdks/corretto-11.0.18!/jdk.management.jfr" type="simple" />
            <root url="jrt://C:/Users/drew/.jdks/corretto-11.0.18!/jdk.naming.dns" type="simple" />
            <root url="jrt://C:/Users/drew/.jdks/corretto-11.0.18!/jdk.naming.ldap" type="simple" />
            <root url="jrt://C:/Users/drew/.jdks/corretto-11.0.18!/jdk.naming.rmi" type="simple" />
            <root url="jrt://C:/Users/drew/.jdks/corretto-11.0.18!/jdk.net" type="simple" />
            <root url="jrt://C:/Users/drew/.jdks/corretto-11.0.18!/jdk.pack" type="simple" />
            <root url="jrt://C:/Users/drew/.jdks/corretto-11.0.18!/jdk.rmic" type="simple" />
            <root url="jrt://C:/Users/drew/.jdks/corretto-11.0.18!/jdk.scripting.nashorn" type="simple" />
            <root url="jrt://C:/Users/drew/.jdks/corretto-11.0.18!/jdk.scripting.nashorn.shell" type="simple" />
            <root url="jrt://C:/Users/drew/.jdks/corretto-11.0.18!/jdk.sctp" type="simple" />
            <root url="jrt://C:/Users/drew/.jdks/corretto-11.0.18!/jdk.security.auth" type="simple" />
            <root url="jrt://C:/Users/drew/.jdks/corretto-11.0.18!/jdk.security.jgss" type="simple" />
            <root url="jrt://C:/Users/drew/.jdks/corretto-11.0.18!/jdk.unsupported" type="simple" />
            <root url="jrt://C:/Users/drew/.jdks/corretto-11.0.18!/jdk.unsupported.desktop" type="simple" />
            <root url="jrt://C:/Users/drew/.jdks/corretto-11.0.18!/jdk.xml.dom" type="simple" />
            <root url="jrt://C:/Users/drew/.jdks/corretto-11.0.18!/jdk.zipfs" type="simple" />
          </root>
        </classPath>
        <javadocPath>
          <root type="composite" />
        </javadocPath>
        <sourcePath>
          <root type="composite">
            <root url="jar://$USER_HOME$/.jdks/corretto-11.0.18/lib/src.zip!/java.se" type="simple" />
            <root url="jar://$USER_HOME$/.jdks/corretto-11.0.18/lib/src.zip!/jdk.aot" type="simple" />
            <root url="jar://$USER_HOME$/.jdks/corretto-11.0.18/lib/src.zip!/jdk.jdi" type="simple" />
            <root url="jar://$USER_HOME$/.jdks/corretto-11.0.18/lib/src.zip!/jdk.jfr" type="simple" />
            <root url="jar://$USER_HOME$/.jdks/corretto-11.0.18/lib/src.zip!/jdk.net" type="simple" />
            <root url="jar://$USER_HOME$/.jdks/corretto-11.0.18/lib/src.zip!/java.rmi" type="simple" />
            <root url="jar://$USER_HOME$/.jdks/corretto-11.0.18/lib/src.zip!/java.sql" type="simple" />
            <root url="jar://$USER_HOME$/.jdks/corretto-11.0.18/lib/src.zip!/java.xml" type="simple" />
            <root url="jar://$USER_HOME$/.jdks/corretto-11.0.18/lib/src.zip!/jdk.jcmd" type="simple" />
            <root url="jar://$USER_HOME$/.jdks/corretto-11.0.18/lib/src.zip!/jdk.pack" type="simple" />
            <root url="jar://$USER_HOME$/.jdks/corretto-11.0.18/lib/src.zip!/jdk.rmic" type="simple" />
            <root url="jar://$USER_HOME$/.jdks/corretto-11.0.18/lib/src.zip!/jdk.sctp" type="simple" />
            <root url="jar://$USER_HOME$/.jdks/corretto-11.0.18/lib/src.zip!/java.base" type="simple" />
            <root url="jar://$USER_HOME$/.jdks/corretto-11.0.18/lib/src.zip!/jdk.jdeps" type="simple" />
            <root url="jar://$USER_HOME$/.jdks/corretto-11.0.18/lib/src.zip!/jdk.jlink" type="simple" />
            <root url="jar://$USER_HOME$/.jdks/corretto-11.0.18/lib/src.zip!/jdk.zipfs" type="simple" />
            <root url="jar://$USER_HOME$/.jdks/corretto-11.0.18/lib/src.zip!/java.prefs" type="simple" />
            <root url="jar://$USER_HOME$/.jdks/corretto-11.0.18/lib/src.zip!/jdk.attach" type="simple" />
            <root url="jar://$USER_HOME$/.jdks/corretto-11.0.18/lib/src.zip!/jdk.jshell" type="simple" />
            <root url="jar://$USER_HOME$/.jdks/corretto-11.0.18/lib/src.zip!/jdk.jstatd" type="simple" />
            <root url="jar://$USER_HOME$/.jdks/corretto-11.0.18/lib/src.zip!/java.naming" type="simple" />
            <root url="jar://$USER_HOME$/.jdks/corretto-11.0.18/lib/src.zip!/jdk.editpad" type="simple" />
            <root url="jar://$USER_HOME$/.jdks/corretto-11.0.18/lib/src.zip!/jdk.jartool" type="simple" />
            <root url="jar://$USER_HOME$/.jdks/corretto-11.0.18/lib/src.zip!/jdk.javadoc" type="simple" />
            <root url="jar://$USER_HOME$/.jdks/corretto-11.0.18/lib/src.zip!/jdk.xml.dom" type="simple" />
            <root url="jar://$USER_HOME$/.jdks/corretto-11.0.18/lib/src.zip!/java.desktop" type="simple" />
            <root url="jar://$USER_HOME$/.jdks/corretto-11.0.18/lib/src.zip!/java.logging" type="simple" />
            <root url="jar://$USER_HOME$/.jdks/corretto-11.0.18/lib/src.zip!/jdk.charsets" type="simple" />
            <root url="jar://$USER_HOME$/.jdks/corretto-11.0.18/lib/src.zip!/jdk.compiler" type="simple" />
            <root url="jar://$USER_HOME$/.jdks/corretto-11.0.18/lib/src.zip!/jdk.dynalink" type="simple" />
            <root url="jar://$USER_HOME$/.jdks/corretto-11.0.18/lib/src.zip!/jdk.jconsole" type="simple" />
            <root url="jar://$USER_HOME$/.jdks/corretto-11.0.18/lib/src.zip!/jdk.jsobject" type="simple" />
            <root url="jar://$USER_HOME$/.jdks/corretto-11.0.18/lib/src.zip!/java.compiler" type="simple" />
            <root url="jar://$USER_HOME$/.jdks/corretto-11.0.18/lib/src.zip!/java.net.http" type="simple" />
            <root url="jar://$USER_HOME$/.jdks/corretto-11.0.18/lib/src.zip!/jdk.crypto.ec" type="simple" />
            <root url="jar://$USER_HOME$/.jdks/corretto-11.0.18/lib/src.zip!/java.scripting" type="simple" />
            <root url="jar://$USER_HOME$/.jdks/corretto-11.0.18/lib/src.zip!/jdk.httpserver" type="simple" />
            <root url="jar://$USER_HOME$/.jdks/corretto-11.0.18/lib/src.zip!/jdk.jdwp.agent" type="simple" />
            <root url="jar://$USER_HOME$/.jdks/corretto-11.0.18/lib/src.zip!/jdk.localedata" type="simple" />
            <root url="jar://$USER_HOME$/.jdks/corretto-11.0.18/lib/src.zip!/jdk.management" type="simple" />
            <root url="jar://$USER_HOME$/.jdks/corretto-11.0.18/lib/src.zip!/jdk.naming.dns" type="simple" />
            <root url="jar://$USER_HOME$/.jdks/corretto-11.0.18/lib/src.zip!/jdk.naming.rmi" type="simple" />
            <root url="jar://$USER_HOME$/.jdks/corretto-11.0.18/lib/src.zip!/java.instrument" type="simple" />
            <root url="jar://$USER_HOME$/.jdks/corretto-11.0.18/lib/src.zip!/java.management" type="simple" />
            <root url="jar://$USER_HOME$/.jdks/corretto-11.0.18/lib/src.zip!/java.sql.rowset" type="simple" />
            <root url="jar://$USER_HOME$/.jdks/corretto-11.0.18/lib/src.zip!/java.xml.crypto" type="simple" />
            <root url="jar://$USER_HOME$/.jdks/corretto-11.0.18/lib/src.zip!/jdk.internal.ed" type="simple" />
            <root url="jar://$USER_HOME$/.jdks/corretto-11.0.18/lib/src.zip!/jdk.internal.le" type="simple" />
            <root url="jar://$USER_HOME$/.jdks/corretto-11.0.18/lib/src.zip!/jdk.naming.ldap" type="simple" />
            <root url="jar://$USER_HOME$/.jdks/corretto-11.0.18/lib/src.zip!/jdk.unsupported" type="simple" />
            <root url="jar://$USER_HOME$/.jdks/corretto-11.0.18/lib/src.zip!/java.smartcardio" type="simple" />
            <root url="jar://$USER_HOME$/.jdks/corretto-11.0.18/lib/src.zip!/jdk.internal.opt" type="simple" />
            <root url="jar://$USER_HOME$/.jdks/corretto-11.0.18/lib/src.zip!/java.datatransfer" type="simple" />
            <root url="jar://$USER_HOME$/.jdks/corretto-11.0.18/lib/src.zip!/jdk.accessibility" type="simple" />
            <root url="jar://$USER_HOME$/.jdks/corretto-11.0.18/lib/src.zip!/jdk.crypto.mscapi" type="simple" />
            <root url="jar://$USER_HOME$/.jdks/corretto-11.0.18/lib/src.zip!/jdk.hotspot.agent" type="simple" />
            <root url="jar://$USER_HOME$/.jdks/corretto-11.0.18/lib/src.zip!/jdk.security.auth" type="simple" />
            <root url="jar://$USER_HOME$/.jdks/corretto-11.0.18/lib/src.zip!/jdk.security.jgss" type="simple" />
            <root url="jar://$USER_HOME$/.jdks/corretto-11.0.18/lib/src.zip!/java.security.jgss" type="simple" />
            <root url="jar://$USER_HOME$/.jdks/corretto-11.0.18/lib/src.zip!/java.security.sasl" type="simple" />
            <root url="jar://$USER_HOME$/.jdks/corretto-11.0.18/lib/src.zip!/jdk.internal.vm.ci" type="simple" />
            <root url="jar://$USER_HOME$/.jdks/corretto-11.0.18/lib/src.zip!/jdk.management.jfr" type="simple" />
            <root url="jar://$USER_HOME$/.jdks/corretto-11.0.18/lib/src.zip!/java.management.rmi" type="simple" />
            <root url="jar://$USER_HOME$/.jdks/corretto-11.0.18/lib/src.zip!/java.transaction.xa" type="simple" />
            <root url="jar://$USER_HOME$/.jdks/corretto-11.0.18/lib/src.zip!/jdk.crypto.cryptoki" type="simple" />
            <root url="jar://$USER_HOME$/.jdks/corretto-11.0.18/lib/src.zip!/jdk.internal.jvmstat" type="simple" />
            <root url="jar://$USER_HOME$/.jdks/corretto-11.0.18/lib/src.zip!/jdk.management.agent" type="simple" />
            <root url="jar://$USER_HOME$/.jdks/corretto-11.0.18/lib/src.zip!/jdk.scripting.nashorn" type="simple" />
            <root url="jar://$USER_HOME$/.jdks/corretto-11.0.18/lib/src.zip!/jdk.unsupported.desktop" type="simple" />
            <root url="jar://$USER_HOME$/.jdks/corretto-11.0.18/lib/src.zip!/jdk.internal.vm.compiler" type="simple" />
            <root url="jar://$USER_HOME$/.jdks/corretto-11.0.18/lib/src.zip!/jdk.scripting.nashorn.shell" type="simple" />
            <root url="jar://$USER_HOME$/.jdks/corretto-11.0.18/lib/src.zip!/jdk.internal.vm.compiler.management" type="simple" />
          </root>
        </sourcePath>
      </roots>
      <additional />
    </jdk>
    <jdk version="2">
      <name value="corretto-17" />
      <type value="JavaSDK" />
      <version value="Amazon Corretto version 17.0.2" />
      <homePath value="C:/Program Files/Amazon Corretto/jdk17.0.2_8" />
      <roots>
        <annotationsPath>
          <root type="composite">
            <root url="jar://$APPLICATION_HOME_DIR$/plugins/java/lib/resources/jdkAnnotations.jar!/" type="simple" />
          </root>
        </annotationsPath>
        <classPath>
          <root type="composite">
            <root url="jrt://C:/Program Files/Amazon Corretto/jdk17.0.2_8!/java.base" type="simple" />
            <root url="jrt://C:/Program Files/Amazon Corretto/jdk17.0.2_8!/java.compiler" type="simple" />
            <root url="jrt://C:/Program Files/Amazon Corretto/jdk17.0.2_8!/java.datatransfer" type="simple" />
            <root url="jrt://C:/Program Files/Amazon Corretto/jdk17.0.2_8!/java.desktop" type="simple" />
            <root url="jrt://C:/Program Files/Amazon Corretto/jdk17.0.2_8!/java.instrument" type="simple" />
            <root url="jrt://C:/Program Files/Amazon Corretto/jdk17.0.2_8!/java.logging" type="simple" />
            <root url="jrt://C:/Program Files/Amazon Corretto/jdk17.0.2_8!/java.management" type="simple" />
            <root url="jrt://C:/Program Files/Amazon Corretto/jdk17.0.2_8!/java.management.rmi" type="simple" />
            <root url="jrt://C:/Program Files/Amazon Corretto/jdk17.0.2_8!/java.naming" type="simple" />
            <root url="jrt://C:/Program Files/Amazon Corretto/jdk17.0.2_8!/java.net.http" type="simple" />
            <root url="jrt://C:/Program Files/Amazon Corretto/jdk17.0.2_8!/java.prefs" type="simple" />
            <root url="jrt://C:/Program Files/Amazon Corretto/jdk17.0.2_8!/java.rmi" type="simple" />
            <root url="jrt://C:/Program Files/Amazon Corretto/jdk17.0.2_8!/java.scripting" type="simple" />
            <root url="jrt://C:/Program Files/Amazon Corretto/jdk17.0.2_8!/java.se" type="simple" />
            <root url="jrt://C:/Program Files/Amazon Corretto/jdk17.0.2_8!/java.security.jgss" type="simple" />
            <root url="jrt://C:/Program Files/Amazon Corretto/jdk17.0.2_8!/java.security.sasl" type="simple" />
            <root url="jrt://C:/Program Files/Amazon Corretto/jdk17.0.2_8!/java.smartcardio" type="simple" />
            <root url="jrt://C:/Program Files/Amazon Corretto/jdk17.0.2_8!/java.sql" type="simple" />
            <root url="jrt://C:/Program Files/Amazon Corretto/jdk17.0.2_8!/java.sql.rowset" type="simple" />
            <root url="jrt://C:/Program Files/Amazon Corretto/jdk17.0.2_8!/java.transaction.xa" type="simple" />
            <root url="jrt://C:/Program Files/Amazon Corretto/jdk17.0.2_8!/java.xml" type="simple" />
            <root url="jrt://C:/Program Files/Amazon Corretto/jdk17.0.2_8!/java.xml.crypto" type="simple" />
            <root url="jrt://C:/Program Files/Amazon Corretto/jdk17.0.2_8!/jdk.accessibility" type="simple" />
            <root url="jrt://C:/Program Files/Amazon Corretto/jdk17.0.2_8!/jdk.attach" type="simple" />
            <root url="jrt://C:/Program Files/Amazon Corretto/jdk17.0.2_8!/jdk.charsets" type="simple" />
            <root url="jrt://C:/Program Files/Amazon Corretto/jdk17.0.2_8!/jdk.compiler" type="simple" />
            <root url="jrt://C:/Program Files/Amazon Corretto/jdk17.0.2_8!/jdk.crypto.cryptoki" type="simple" />
            <root url="jrt://C:/Program Files/Amazon Corretto/jdk17.0.2_8!/jdk.crypto.ec" type="simple" />
            <root url="jrt://C:/Program Files/Amazon Corretto/jdk17.0.2_8!/jdk.crypto.mscapi" type="simple" />
            <root url="jrt://C:/Program Files/Amazon Corretto/jdk17.0.2_8!/jdk.dynalink" type="simple" />
            <root url="jrt://C:/Program Files/Amazon Corretto/jdk17.0.2_8!/jdk.editpad" type="simple" />
            <root url="jrt://C:/Program Files/Amazon Corretto/jdk17.0.2_8!/jdk.hotspot.agent" type="simple" />
            <root url="jrt://C:/Program Files/Amazon Corretto/jdk17.0.2_8!/jdk.httpserver" type="simple" />
            <root url="jrt://C:/Program Files/Amazon Corretto/jdk17.0.2_8!/jdk.incubator.foreign" type="simple" />
            <root url="jrt://C:/Program Files/Amazon Corretto/jdk17.0.2_8!/jdk.incubator.vector" type="simple" />
            <root url="jrt://C:/Program Files/Amazon Corretto/jdk17.0.2_8!/jdk.internal.ed" type="simple" />
            <root url="jrt://C:/Program Files/Amazon Corretto/jdk17.0.2_8!/jdk.internal.jvmstat" type="simple" />
            <root url="jrt://C:/Program Files/Amazon Corretto/jdk17.0.2_8!/jdk.internal.le" type="simple" />
            <root url="jrt://C:/Program Files/Amazon Corretto/jdk17.0.2_8!/jdk.internal.opt" type="simple" />
            <root url="jrt://C:/Program Files/Amazon Corretto/jdk17.0.2_8!/jdk.internal.vm.ci" type="simple" />
            <root url="jrt://C:/Program Files/Amazon Corretto/jdk17.0.2_8!/jdk.internal.vm.compiler" type="simple" />
            <root url="jrt://C:/Program Files/Amazon Corretto/jdk17.0.2_8!/jdk.internal.vm.compiler.management" type="simple" />
            <root url="jrt://C:/Program Files/Amazon Corretto/jdk17.0.2_8!/jdk.jartool" type="simple" />
            <root url="jrt://C:/Program Files/Amazon Corretto/jdk17.0.2_8!/jdk.javadoc" type="simple" />
            <root url="jrt://C:/Program Files/Amazon Corretto/jdk17.0.2_8!/jdk.jcmd" type="simple" />
            <root url="jrt://C:/Program Files/Amazon Corretto/jdk17.0.2_8!/jdk.jconsole" type="simple" />
            <root url="jrt://C:/Program Files/Amazon Corretto/jdk17.0.2_8!/jdk.jdeps" type="simple" />
            <root url="jrt://C:/Program Files/Amazon Corretto/jdk17.0.2_8!/jdk.jdi" type="simple" />
            <root url="jrt://C:/Program Files/Amazon Corretto/jdk17.0.2_8!/jdk.jdwp.agent" type="simple" />
            <root url="jrt://C:/Program Files/Amazon Corretto/jdk17.0.2_8!/jdk.jfr" type="simple" />
            <root url="jrt://C:/Program Files/Amazon Corretto/jdk17.0.2_8!/jdk.jlink" type="simple" />
            <root url="jrt://C:/Program Files/Amazon Corretto/jdk17.0.2_8!/jdk.jpackage" type="simple" />
            <root url="jrt://C:/Program Files/Amazon Corretto/jdk17.0.2_8!/jdk.jshell" type="simple" />
            <root url="jrt://C:/Program Files/Amazon Corretto/jdk17.0.2_8!/jdk.jsobject" type="simple" />
            <root url="jrt://C:/Program Files/Amazon Corretto/jdk17.0.2_8!/jdk.jstatd" type="simple" />
            <root url="jrt://C:/Program Files/Amazon Corretto/jdk17.0.2_8!/jdk.localedata" type="simple" />
            <root url="jrt://C:/Program Files/Amazon Corretto/jdk17.0.2_8!/jdk.management" type="simple" />
            <root url="jrt://C:/Program Files/Amazon Corretto/jdk17.0.2_8!/jdk.management.agent" type="simple" />
            <root url="jrt://C:/Program Files/Amazon Corretto/jdk17.0.2_8!/jdk.management.jfr" type="simple" />
            <root url="jrt://C:/Program Files/Amazon Corretto/jdk17.0.2_8!/jdk.naming.dns" type="simple" />
            <root url="jrt://C:/Program Files/Amazon Corretto/jdk17.0.2_8!/jdk.naming.rmi" type="simple" />
            <root url="jrt://C:/Program Files/Amazon Corretto/jdk17.0.2_8!/jdk.net" type="simple" />
            <root url="jrt://C:/Program Files/Amazon Corretto/jdk17.0.2_8!/jdk.nio.mapmode" type="simple" />
            <root url="jrt://C:/Program Files/Amazon Corretto/jdk17.0.2_8!/jdk.random" type="simple" />
            <root url="jrt://C:/Program Files/Amazon Corretto/jdk17.0.2_8!/jdk.sctp" type="simple" />
            <root url="jrt://C:/Program Files/Amazon Corretto/jdk17.0.2_8!/jdk.security.auth" type="simple" />
            <root url="jrt://C:/Program Files/Amazon Corretto/jdk17.0.2_8!/jdk.security.jgss" type="simple" />
            <root url="jrt://C:/Program Files/Amazon Corretto/jdk17.0.2_8!/jdk.unsupported" type="simple" />
            <root url="jrt://C:/Program Files/Amazon Corretto/jdk17.0.2_8!/jdk.unsupported.desktop" type="simple" />
            <root url="jrt://C:/Program Files/Amazon Corretto/jdk17.0.2_8!/jdk.xml.dom" type="simple" />
            <root url="jrt://C:/Program Files/Amazon Corretto/jdk17.0.2_8!/jdk.zipfs" type="simple" />
          </root>
        </classPath>
        <javadocPath>
          <root type="composite" />
        </javadocPath>
        <sourcePath>
          <root type="composite">
            <root url="jar://C:/Program Files/Amazon Corretto/jdk17.0.2_8/lib/src.zip!/java.se" type="simple" />
            <root url="jar://C:/Program Files/Amazon Corretto/jdk17.0.2_8/lib/src.zip!/jdk.jdi" type="simple" />
            <root url="jar://C:/Program Files/Amazon Corretto/jdk17.0.2_8/lib/src.zip!/jdk.jfr" type="simple" />
            <root url="jar://C:/Program Files/Amazon Corretto/jdk17.0.2_8/lib/src.zip!/jdk.net" type="simple" />
            <root url="jar://C:/Program Files/Amazon Corretto/jdk17.0.2_8/lib/src.zip!/java.rmi" type="simple" />
            <root url="jar://C:/Program Files/Amazon Corretto/jdk17.0.2_8/lib/src.zip!/java.sql" type="simple" />
            <root url="jar://C:/Program Files/Amazon Corretto/jdk17.0.2_8/lib/src.zip!/java.xml" type="simple" />
            <root url="jar://C:/Program Files/Amazon Corretto/jdk17.0.2_8/lib/src.zip!/jdk.jcmd" type="simple" />
            <root url="jar://C:/Program Files/Amazon Corretto/jdk17.0.2_8/lib/src.zip!/jdk.sctp" type="simple" />
            <root url="jar://C:/Program Files/Amazon Corretto/jdk17.0.2_8/lib/src.zip!/java.base" type="simple" />
            <root url="jar://C:/Program Files/Amazon Corretto/jdk17.0.2_8/lib/src.zip!/jdk.jdeps" type="simple" />
            <root url="jar://C:/Program Files/Amazon Corretto/jdk17.0.2_8/lib/src.zip!/jdk.jlink" type="simple" />
            <root url="jar://C:/Program Files/Amazon Corretto/jdk17.0.2_8/lib/src.zip!/jdk.zipfs" type="simple" />
            <root url="jar://C:/Program Files/Amazon Corretto/jdk17.0.2_8/lib/src.zip!/java.prefs" type="simple" />
            <root url="jar://C:/Program Files/Amazon Corretto/jdk17.0.2_8/lib/src.zip!/jdk.attach" type="simple" />
            <root url="jar://C:/Program Files/Amazon Corretto/jdk17.0.2_8/lib/src.zip!/jdk.jshell" type="simple" />
            <root url="jar://C:/Program Files/Amazon Corretto/jdk17.0.2_8/lib/src.zip!/jdk.jstatd" type="simple" />
            <root url="jar://C:/Program Files/Amazon Corretto/jdk17.0.2_8/lib/src.zip!/jdk.random" type="simple" />
            <root url="jar://C:/Program Files/Amazon Corretto/jdk17.0.2_8/lib/src.zip!/java.naming" type="simple" />
            <root url="jar://C:/Program Files/Amazon Corretto/jdk17.0.2_8/lib/src.zip!/jdk.editpad" type="simple" />
            <root url="jar://C:/Program Files/Amazon Corretto/jdk17.0.2_8/lib/src.zip!/jdk.jartool" type="simple" />
            <root url="jar://C:/Program Files/Amazon Corretto/jdk17.0.2_8/lib/src.zip!/jdk.javadoc" type="simple" />
            <root url="jar://C:/Program Files/Amazon Corretto/jdk17.0.2_8/lib/src.zip!/jdk.xml.dom" type="simple" />
            <root url="jar://C:/Program Files/Amazon Corretto/jdk17.0.2_8/lib/src.zip!/java.desktop" type="simple" />
            <root url="jar://C:/Program Files/Amazon Corretto/jdk17.0.2_8/lib/src.zip!/java.logging" type="simple" />
            <root url="jar://C:/Program Files/Amazon Corretto/jdk17.0.2_8/lib/src.zip!/jdk.charsets" type="simple" />
            <root url="jar://C:/Program Files/Amazon Corretto/jdk17.0.2_8/lib/src.zip!/jdk.compiler" type="simple" />
            <root url="jar://C:/Program Files/Amazon Corretto/jdk17.0.2_8/lib/src.zip!/jdk.dynalink" type="simple" />
            <root url="jar://C:/Program Files/Amazon Corretto/jdk17.0.2_8/lib/src.zip!/jdk.jconsole" type="simple" />
            <root url="jar://C:/Program Files/Amazon Corretto/jdk17.0.2_8/lib/src.zip!/jdk.jpackage" type="simple" />
            <root url="jar://C:/Program Files/Amazon Corretto/jdk17.0.2_8/lib/src.zip!/jdk.jsobject" type="simple" />
            <root url="jar://C:/Program Files/Amazon Corretto/jdk17.0.2_8/lib/src.zip!/java.compiler" type="simple" />
            <root url="jar://C:/Program Files/Amazon Corretto/jdk17.0.2_8/lib/src.zip!/java.net.http" type="simple" />
            <root url="jar://C:/Program Files/Amazon Corretto/jdk17.0.2_8/lib/src.zip!/jdk.crypto.ec" type="simple" />
            <root url="jar://C:/Program Files/Amazon Corretto/jdk17.0.2_8/lib/src.zip!/java.scripting" type="simple" />
            <root url="jar://C:/Program Files/Amazon Corretto/jdk17.0.2_8/lib/src.zip!/jdk.httpserver" type="simple" />
            <root url="jar://C:/Program Files/Amazon Corretto/jdk17.0.2_8/lib/src.zip!/jdk.jdwp.agent" type="simple" />
            <root url="jar://C:/Program Files/Amazon Corretto/jdk17.0.2_8/lib/src.zip!/jdk.localedata" type="simple" />
            <root url="jar://C:/Program Files/Amazon Corretto/jdk17.0.2_8/lib/src.zip!/jdk.management" type="simple" />
            <root url="jar://C:/Program Files/Amazon Corretto/jdk17.0.2_8/lib/src.zip!/jdk.naming.dns" type="simple" />
            <root url="jar://C:/Program Files/Amazon Corretto/jdk17.0.2_8/lib/src.zip!/jdk.naming.rmi" type="simple" />
            <root url="jar://C:/Program Files/Amazon Corretto/jdk17.0.2_8/lib/src.zip!/java.instrument" type="simple" />
            <root url="jar://C:/Program Files/Amazon Corretto/jdk17.0.2_8/lib/src.zip!/java.management" type="simple" />
            <root url="jar://C:/Program Files/Amazon Corretto/jdk17.0.2_8/lib/src.zip!/java.sql.rowset" type="simple" />
            <root url="jar://C:/Program Files/Amazon Corretto/jdk17.0.2_8/lib/src.zip!/java.xml.crypto" type="simple" />
            <root url="jar://C:/Program Files/Amazon Corretto/jdk17.0.2_8/lib/src.zip!/jdk.internal.ed" type="simple" />
            <root url="jar://C:/Program Files/Amazon Corretto/jdk17.0.2_8/lib/src.zip!/jdk.internal.le" type="simple" />
            <root url="jar://C:/Program Files/Amazon Corretto/jdk17.0.2_8/lib/src.zip!/jdk.nio.mapmode" type="simple" />
            <root url="jar://C:/Program Files/Amazon Corretto/jdk17.0.2_8/lib/src.zip!/jdk.unsupported" type="simple" />
            <root url="jar://C:/Program Files/Amazon Corretto/jdk17.0.2_8/lib/src.zip!/java.smartcardio" type="simple" />
            <root url="jar://C:/Program Files/Amazon Corretto/jdk17.0.2_8/lib/src.zip!/jdk.internal.opt" type="simple" />
            <root url="jar://C:/Program Files/Amazon Corretto/jdk17.0.2_8/lib/src.zip!/java.datatransfer" type="simple" />
            <root url="jar://C:/Program Files/Amazon Corretto/jdk17.0.2_8/lib/src.zip!/jdk.accessibility" type="simple" />
            <root url="jar://C:/Program Files/Amazon Corretto/jdk17.0.2_8/lib/src.zip!/jdk.crypto.mscapi" type="simple" />
            <root url="jar://C:/Program Files/Amazon Corretto/jdk17.0.2_8/lib/src.zip!/jdk.hotspot.agent" type="simple" />
            <root url="jar://C:/Program Files/Amazon Corretto/jdk17.0.2_8/lib/src.zip!/jdk.security.auth" type="simple" />
            <root url="jar://C:/Program Files/Amazon Corretto/jdk17.0.2_8/lib/src.zip!/jdk.security.jgss" type="simple" />
            <root url="jar://C:/Program Files/Amazon Corretto/jdk17.0.2_8/lib/src.zip!/java.security.jgss" type="simple" />
            <root url="jar://C:/Program Files/Amazon Corretto/jdk17.0.2_8/lib/src.zip!/java.security.sasl" type="simple" />
            <root url="jar://C:/Program Files/Amazon Corretto/jdk17.0.2_8/lib/src.zip!/jdk.internal.vm.ci" type="simple" />
            <root url="jar://C:/Program Files/Amazon Corretto/jdk17.0.2_8/lib/src.zip!/jdk.management.jfr" type="simple" />
            <root url="jar://C:/Program Files/Amazon Corretto/jdk17.0.2_8/lib/src.zip!/java.management.rmi" type="simple" />
            <root url="jar://C:/Program Files/Amazon Corretto/jdk17.0.2_8/lib/src.zip!/java.transaction.xa" type="simple" />
            <root url="jar://C:/Program Files/Amazon Corretto/jdk17.0.2_8/lib/src.zip!/jdk.crypto.cryptoki" type="simple" />
            <root url="jar://C:/Program Files/Amazon Corretto/jdk17.0.2_8/lib/src.zip!/jdk.incubator.vector" type="simple" />
            <root url="jar://C:/Program Files/Amazon Corretto/jdk17.0.2_8/lib/src.zip!/jdk.internal.jvmstat" type="simple" />
            <root url="jar://C:/Program Files/Amazon Corretto/jdk17.0.2_8/lib/src.zip!/jdk.management.agent" type="simple" />
            <root url="jar://C:/Program Files/Amazon Corretto/jdk17.0.2_8/lib/src.zip!/jdk.incubator.foreign" type="simple" />
            <root url="jar://C:/Program Files/Amazon Corretto/jdk17.0.2_8/lib/src.zip!/jdk.unsupported.desktop" type="simple" />
            <root url="jar://C:/Program Files/Amazon Corretto/jdk17.0.2_8/lib/src.zip!/jdk.internal.vm.compiler" type="simple" />
            <root url="jar://C:/Program Files/Amazon Corretto/jdk17.0.2_8/lib/src.zip!/jdk.internal.vm.compiler.management" type="simple" />
          </root>
        </sourcePath>
      </roots>
      <additional />
    </jdk>
  </component>
</application>